tag,method,eta,cov_all,width,inf_frac,cell_sd,cell_range,cell_frac_in,n_eligible_cells,domain,prep,scenario,n_all,D_km,spacing_km
YRD4|detrend|extrap,GSCP,equal,0.8863413036357681,9.428059018601926,0.0,0.0959795924118065,0.38749999999999996,0.8787878787878788,33,YRD4,detrend,extrap,3053,1197.1,21.67
YRD4|detrend|extrap,sLSCP,0.5phi,1.0,nan,1.0,0.0,0.0,1.0,33,YRD4,detrend,extrap,3053,1197.1,21.67
YRD4|detrend|extrap,sLSCP,1phi,1.0,nan,1.0,0.0,0.0,1.0,33,YRD4,detrend,extrap,3053,1197.1,21.67
YRD4|detrend|extrap,sLSCP,2phi,0.9993449066491975,11.31027655760622,0.985260399606944,0.0028946365789364937,0.012499999999999956,1.0,33,YRD4,detrend,extrap,3053,1197.1,21.67
YRD4|detrend|extrap,sLSCP,4phi,0.9639698657058631,12.03702643410974,0.36128398296757286,0.050226825842186296,0.19999999999999996,1.0,33,YRD4,detrend,extrap,3053,1197.1,21.67
YRD4|detrend|extrap,sLSCP,8phi,0.9128725843432689,9.964899553164614,0.0,0.07302895020482222,0.3375,0.9090909090909091,33,YRD4,detrend,extrap,3053,1197.1,21.67
YRD4|detrend|extrap,sLSCP,16phi,0.9027186374058304,9.659144890677787,0.0,0.08102443492108431,0.36250000000000004,0.9393939393939394,33,YRD4,detrend,extrap,3053,1197.1,21.67
YRD4|detrend|extrap,sLSCP,inf,0.8863413036357681,9.428059018601926,0.0,0.0959795924118065,0.38749999999999996,0.8787878787878788,33,YRD4,detrend,extrap,3053,1197.1,21.67
YRD4|detrend|interp,GSCP,equal,0.9063829787234042,6.7569461381860805,0.0,0.08244076244151523,0.36,0.9090909090909091,33,YRD4,detrend,interp,3053,1197.1,21.67
YRD4|detrend|interp,sLSCP,0.5phi,1.0,nan,1.0,0.0,0.0,1.0,33,YRD4,detrend,interp,3053,1197.1,21.67
YRD4|detrend|interp,sLSCP,1phi,1.0,nan,1.0,0.0,0.0,1.0,33,YRD4,detrend,interp,3053,1197.1,21.67
YRD4|detrend|interp,sLSCP,2phi,0.9783960720130933,9.760538504378827,0.4088379705400982,0.02374342001830581,0.12,1.0,33,YRD4,detrend,interp,3053,1197.1,21.67
YRD4|detrend|interp,sLSCP,4phi,0.9358428805237315,7.2289976783756735,0.0,0.04603889520504119,0.22666666666666668,0.9696969696969697,33,YRD4,detrend,interp,3053,1197.1,21.67
YRD4|detrend|interp,sLSCP,8phi,0.920785597381342,6.810623636262141,0.0,0.05961193529098387,0.2666666666666667,0.9393939393939394,33,YRD4,detrend,interp,3053,1197.1,21.67
YRD4|detrend|interp,sLSCP,16phi,0.9142389525368249,6.787557932181261,0.0,0.06938540768507814,0.30666666666666664,0.9393939393939394,33,YRD4,detrend,interp,3053,1197.1,21.67
YRD4|detrend|interp,sLSCP,inf,0.9063829787234042,6.7569461381860805,0.0,0.08244076244151523,0.36,0.9090909090909091,33,YRD4,detrend,interp,3053,1197.1,21.67
YRD4|raw|extrap,GSCP,equal,0.9037012774320341,14.669563264146435,0.0,0.16648002443027105,0.7662337662337663,0.8181818181818182,33,YRD4,raw,extrap,3053,1197.1,21.67
YRD4|raw|extrap,sLSCP,0.5phi,0.9037012774320341,14.675852748570756,0.0,0.16648002443027105,0.7662337662337663,0.8181818181818182,33,YRD4,raw,extrap,3053,1197.1,21.67
YRD4|raw|extrap,sLSCP,1phi,0.9037012774320341,14.669563264146435,0.0,0.16648002443027105,0.7662337662337663,0.8181818181818182,33,YRD4,raw,extrap,3053,1197.1,21.67
YRD4|raw|extrap,sLSCP,2phi,0.9037012774320341,14.669563264146435,0.0,0.16648002443027105,0.7662337662337663,0.8181818181818182,33,YRD4,raw,extrap,3053,1197.1,21.67
YRD4|raw|extrap,sLSCP,4phi,0.9037012774320341,14.669563264146435,0.0,0.16648002443027105,0.7662337662337663,0.8181818181818182,33,YRD4,raw,extrap,3053,1197.1,21.67
YRD4|raw|extrap,sLSCP,8phi,0.9037012774320341,14.669563264146435,0.0,0.16648002443027105,0.7662337662337663,0.8181818181818182,33,YRD4,raw,extrap,3053,1197.1,21.67
YRD4|raw|extrap,sLSCP,16phi,0.9037012774320341,14.669563264146435,0.0,0.16648002443027105,0.7662337662337663,0.8181818181818182,33,YRD4,raw,extrap,3053,1197.1,21.67
YRD4|raw|extrap,sLSCP,inf,0.9037012774320341,14.669563264146435,0.0,0.16648002443027105,0.7662337662337663,0.8181818181818182,33,YRD4,raw,extrap,3053,1197.1,21.67
YRD4|raw|interp,GSCP,equal,0.9034369885433715,6.754456268678607,0.0,0.0829138524638368,0.36,0.9090909090909091,33,YRD4,raw,interp,3053,1197.1,21.67
YRD4|raw|interp,sLSCP,0.5phi,0.9037643207855974,6.757900901543594,0.0,0.0827619468652182,0.36,0.9090909090909091,33,YRD4,raw,interp,3053,1197.1,21.67
YRD4|raw|interp,sLSCP,1phi,0.9034369885433715,6.754456268678607,0.0,0.0829138524638368,0.36,0.9090909090909091,33,YRD4,raw,interp,3053,1197.1,21.67
YRD4|raw|interp,sLSCP,2phi,0.9034369885433715,6.754456268678607,0.0,0.0829138524638368,0.36,0.9090909090909091,33,YRD4,raw,interp,3053,1197.1,21.67
YRD4|raw|interp,sLSCP,4phi,0.9034369885433715,6.754456268678607,0.0,0.0829138524638368,0.36,0.9090909090909091,33,YRD4,raw,interp,3053,1197.1,21.67
YRD4|raw|interp,sLSCP,8phi,0.9034369885433715,6.754456268678607,0.0,0.0829138524638368,0.36,0.9090909090909091,33,YRD4,raw,interp,3053,1197.1,21.67
YRD4|raw|interp,sLSCP,16phi,0.9034369885433715,6.754456268678607,0.0,0.0829138524638368,0.36,0.9090909090909091,33,YRD4,raw,interp,3053,1197.1,21.67
YRD4|raw|interp,sLSCP,inf,0.9034369885433715,6.754456268678607,0.0,0.0829138524638368,0.36,0.9090909090909091,33,YRD4,raw,interp,3053,1197.1,21.67
EastChina|detrend|extrap,GSCP,equal,0.8912537412703692,8.818815802817186,0.0,0.09048300006467055,0.3571428571428571,0.8285714285714286,35,EastChina,detrend,extrap,3007,4125.7,75.24
EastChina|detrend|extrap,sLSCP,0.5phi,0.998004655803126,16.56888247840121,0.9504489524442966,0.009043894099225526,0.051948051948051965,1.0,35,EastChina,detrend,extrap,3007,4125.7,75.24
EastChina|detrend|extrap,sLSCP,1phi,0.9876953774526106,11.404521041442383,0.8852677086797472,0.03695259695736036,0.1428571428571429,1.0,35,EastChina,detrend,extrap,3007,4125.7,75.24
EastChina|detrend|extrap,sLSCP,2phi,0.9847023611572996,10.023666851323416,0.8852677086797472,0.04736208314109056,0.20238095238095233,0.9714285714285714,35,EastChina,detrend,extrap,3007,4125.7,75.24
EastChina|detrend|extrap,sLSCP,4phi,0.9837046890588627,9.401991463930308,0.8852677086797472,0.051307080212896025,0.22619047619047616,0.9714285714285714,35,EastChina,detrend,extrap,3007,4125.7,75.24
EastChina|detrend|extrap,sLSCP,8phi,0.9827070169604257,9.770454313761627,0.8742933155969405,0.05267341004370225,0.23809523809523814,0.9714285714285714,35,EastChina,detrend,extrap,3007,4125.7,75.24
EastChina|detrend|extrap,sLSCP,16phi,0.9447954772198204,11.847631770596188,0.3312271366810775,0.05778893644521469,0.23809523809523814,0.9714285714285714,35,EastChina,detrend,extrap,3007,4125.7,75.24
EastChina|detrend|extrap,sLSCP,inf,0.8915862986365148,8.837953621561507,0.0,0.09041341684256893,0.3571428571428571,0.8285714285714286,35,EastChina,detrend,extrap,3007,4125.7,75.24
EastChina|detrend|interp,GSCP,equal,0.9141430948419301,8.90823114568281,0.0,0.07701640156689861,0.3058823529411765,0.8285714285714286,35,EastChina,detrend,interp,3007,4125.7,75.24
EastChina|detrend|interp,sLSCP,0.5phi,0.9916805324459235,11.370496253492071,0.8009983361064892,0.009620102462647979,0.0267857142857143,1.0,35,EastChina,detrend,interp,3007,4125.7,75.24
EastChina|detrend|interp,sLSCP,1phi,0.989018302828619,10.607996639128283,0.8,0.0119313838316967,0.03614457831325302,1.0,35,EastChina,detrend,interp,3007,4125.7,75.24
EastChina|detrend|interp,sLSCP,2phi,0.9880199667221298,10.64665356024087,0.8,0.015174704767811116,0.06976744186046513,1.0,35,EastChina,detrend,interp,3007,4125.7,75.24
EastChina|detrend|interp,sLSCP,4phi,0.9853577371048253,10.402215385398174,0.8,0.017045617911322357,0.06976744186046513,1.0,35,EastChina,detrend,interp,3007,4125.7,75.24
EastChina|detrend|interp,sLSCP,8phi,0.9640599001663893,12.955280591079479,0.2615640599001664,0.027630344964863534,0.09999999999999998,1.0,35,EastChina,detrend,interp,3007,4125.7,75.24
EastChina|detrend|interp,sLSCP,16phi,0.9337770382695507,9.779180997008671,0.0026622296173044926,0.04336848789754436,0.15384615384615385,1.0,35,EastChina,detrend,interp,3007,4125.7,75.24
EastChina|detrend|interp,sLSCP,inf,0.9141430948419301,8.90823114568281,0.0,0.07701640156689861,0.3058823529411765,0.8285714285714286,35,EastChina,detrend,interp,3007,4125.7,75.24
EastChina|raw|extrap,GSCP,equal,0.8972397738609911,24.83023531714842,0.0,0.13148897535313714,0.5875,0.8857142857142857,35,EastChina,raw,extrap,3007,4125.7,75.24
EastChina|raw|extrap,sLSCP,0.5phi,0.913867642168274,27.01746441322255,0.005320917858330562,0.1226327205892625,0.525,0.8857142857142857,35,EastChina,raw,extrap,3007,4125.7,75.24
EastChina|raw|extrap,sLSCP,1phi,0.9082141669437978,26.10675132517169,0.0,0.13078022992328853,0.575,0.8857142857142857,35,EastChina,raw,extrap,3007,4125.7,75.24
EastChina|raw|extrap,sLSCP,2phi,0.9005653475224477,25.337009094158145,0.0,0.1303606846580211,0.575,0.8857142857142857,35,EastChina,raw,extrap,3007,4125.7,75.24
EastChina|raw|extrap,sLSCP,4phi,0.898237445959428,24.95252009082472,0.0,0.1315893279447031,0.5875,0.8857142857142857,35,EastChina,raw,extrap,3007,4125.7,75.24
EastChina|raw|extrap,sLSCP,8phi,0.8975723312271366,24.8517780635048,0.0,0.13144740602433205,0.5875,0.8857142857142857,35,EastChina,raw,extrap,3007,4125.7,75.24
EastChina|raw|extrap,sLSCP,16phi,0.8972397738609911,24.836884829878745,0.0,0.13148897535313714,0.5875,0.8857142857142857,35,EastChina,raw,extrap,3007,4125.7,75.24
EastChina|raw|extrap,sLSCP,inf,0.8972397738609911,24.836884829878745,0.0,0.13148897535313714,0.5875,0.8857142857142857,35,EastChina,raw,extrap,3007,4125.7,75.24
EastChina|raw|interp,GSCP,equal,0.9168053244592346,10.215690030927584,0.0,0.07719966498119553,0.2705882352941177,0.8857142857142857,35,EastChina,raw,interp,3007,4125.7,75.24
EastChina|raw|interp,sLSCP,0.5phi,0.9254575707154742,10.764106091574746,0.0,0.05794915594499658,0.202020202020202,0.9714285714285714,35,EastChina,raw,interp,3007,4125.7,75.24
EastChina|raw|interp,sLSCP,1phi,0.924459234608985,10.732432987728954,0.0,0.06823538993321568,0.23529411764705888,0.9428571428571428,35,EastChina,raw,interp,3007,4125.7,75.24
EastChina|raw|interp,sLSCP,2phi,0.9194675540765391,10.359963146511742,0.0,0.07469437284052688,0.2705882352941177,0.8857142857142857,35,EastChina,raw,interp,3007,4125.7,75.24
EastChina|raw|interp,sLSCP,4phi,0.9174708818635607,10.234120428836377,0.0,0.07650493450994372,0.2705882352941177,0.8857142857142857,35,EastChina,raw,interp,3007,4125.7,75.24
EastChina|raw|interp,sLSCP,8phi,0.9168053244592346,10.215803034414048,0.0,0.07719966498119553,0.2705882352941177,0.8857142857142857,35,EastChina,raw,interp,3007,4125.7,75.24
EastChina|raw|interp,sLSCP,16phi,0.9168053244592346,10.215690030927584,0.0,0.07719966498119553,0.2705882352941177,0.8857142857142857,35,EastChina,raw,interp,3007,4125.7,75.24
EastChina|raw|interp,sLSCP,inf,0.9168053244592346,10.215690030927584,0.0,0.07719966498119553,0.2705882352941177,0.8857142857142857,35,EastChina,raw,interp,3007,4125.7,75.24
Nationwide|detrend|extrap,GSCP,equal,0.8979902557856273,8.234606736478643,0.0,0.12316289160454225,0.44999999999999996,0.7352941176470589,34,Nationwide,detrend,extrap,3284,6857.4,119.66
Nationwide|detrend|extrap,sLSCP,0.5phi,0.9829476248477467,9.96978752730991,0.6336784409257004,0.05604857455314789,0.2875,0.9705882352941176,34,Nationwide,detrend,extrap,3284,6857.4,119.66
Nationwide|detrend|extrap,sLSCP,1phi,0.9674177831912302,9.675137029290687,0.4174786845310597,0.07675758378244453,0.30000000000000004,0.9117647058823529,34,Nationwide,detrend,extrap,3284,6857.4,119.66
Nationwide|detrend|extrap,sLSCP,2phi,0.9595006090133983,8.974560890290416,0.3806333739342265,0.08546154923620355,0.3125,0.8823529411764706,34,Nationwide,detrend,extrap,3284,6857.4,119.66
Nationwide|detrend|extrap,sLSCP,4phi,0.9573690621193667,8.647117555189865,0.3806333739342265,0.08564549600732335,0.30000000000000004,0.8823529411764706,34,Nationwide,detrend,extrap,3284,6857.4,119.66
Nationwide|detrend|extrap,sLSCP,8phi,0.9546285018270402,8.460328635627166,0.3806333739342265,0.08719051733688844,0.30000000000000004,0.8823529411764706,34,Nationwide,detrend,extrap,3284,6857.4,119.66
Nationwide|detrend|extrap,sLSCP,16phi,0.9467113276492083,8.821897258460424,0.243605359317905,0.08506862630593187,0.30000000000000004,0.8823529411764706,34,Nationwide,detrend,extrap,3284,6857.4,119.66
Nationwide|detrend|extrap,sLSCP,inf,0.8979902557856273,8.234606736478643,0.0,0.12316289160454225,0.44999999999999996,0.7352941176470589,34,Nationwide,detrend,extrap,3284,6857.4,119.66
Nationwide|detrend|interp,GSCP,equal,0.9092846270928463,7.984381495290134,0.0,0.1034033402185155,0.375,0.8235294117647058,34,Nationwide,detrend,interp,3284,6857.4,119.66
Nationwide|detrend|interp,sLSCP,0.5phi,0.9884322678843227,9.974699272287307,0.7342465753424657,0.015319384494932989,0.0561797752808989,1.0,34,Nationwide,detrend,interp,3284,6857.4,119.66
Nationwide|detrend|interp,sLSCP,1phi,0.975951293759513,8.693523735728395,0.6,0.03001552126549073,0.1235955056179775,1.0,34,Nationwide,detrend,interp,3284,6857.4,119.66
Nationwide|detrend|interp,sLSCP,2phi,0.9698630136986301,8.104164428616652,0.6,0.0355125351782093,0.1460674157303371,1.0,34,Nationwide,detrend,interp,3284,6857.4,119.66
Nationwide|detrend|interp,sLSCP,4phi,0.9640791476407915,8.90148017886606,0.4094368340943683,0.0492304860156361,0.20833333333333337,0.9705882352941176,34,Nationwide,detrend,interp,3284,6857.4,119.66
Nationwide|detrend|interp,sLSCP,8phi,0.9537290715372907,8.924006383686839,0.2831050228310502,0.052887804276419516,0.20833333333333337,0.9705882352941176,34,Nationwide,detrend,interp,3284,6857.4,119.66
Nationwide|detrend|interp,sLSCP,16phi,0.9220700152207002,8.293433253422188,0.0006088280060882801,0.07385092862670152,0.25,0.8823529411764706,34,Nationwide,detrend,interp,3284,6857.4,119.66
Nationwide|detrend|interp,sLSCP,inf,0.9092846270928463,7.984381495290134,0.0,0.1034033402185155,0.375,0.8235294117647058,34,Nationwide,detrend,interp,3284,6857.4,119.66
Nationwide|raw|extrap,GSCP,equal,0.7944579780755177,30.21236054045299,0.0,0.25821912247199613,0.8591549295774648,0.6176470588235294,34,Nationwide,raw,extrap,3284,6857.4,119.66
Nationwide|raw|extrap,sLSCP,0.5phi,0.8669305724725944,36.721016989325726,0.08982947624847747,0.19127386164262977,0.6759259259259259,0.7941176470588235,34,Nationwide,raw,extrap,3284,6857.4,119.66
Nationwide|raw|extrap,sLSCP,1phi,0.8221680876979294,32.67788971548181,0.0,0.2190578708820445,0.6,0.6764705882352942,34,Nationwide,raw,extrap,3284,6857.4,119.66
Nationwide|raw|extrap,sLSCP,2phi,0.8014616321559074,30.912683802525294,0.0,0.25160589581692777,0.8450704225352113,0.6176470588235294,34,Nationwide,raw,extrap,3284,6857.4,119.66
Nationwide|raw|extrap,sLSCP,4phi,0.7978075517661388,30.435276911654892,0.0,0.2555293658854497,0.8591549295774648,0.6176470588235294,34,Nationwide,raw,extrap,3284,6857.4,119.66
Nationwide|raw|extrap,sLSCP,8phi,0.794762484774665,30.23634322648128,0.0,0.2578029696599458,0.8591549295774648,0.6176470588235294,34,Nationwide,raw,extrap,3284,6857.4,119.66
Nationwide|raw|extrap,sLSCP,16phi,0.794762484774665,30.22374152321878,0.0,0.2578029696599458,0.8591549295774648,0.6176470588235294,34,Nationwide,raw,extrap,3284,6857.4,119.66
Nationwide|raw|extrap,sLSCP,inf,0.7944579780755177,30.21236054045299,0.0,0.25821912247199613,0.8591549295774648,0.6176470588235294,34,Nationwide,raw,extrap,3284,6857.4,119.66
Nationwide|raw|interp,GSCP,equal,0.8983257229832572,11.128267822583826,0.0,0.11331259564929168,0.3820224719101124,0.7647058823529411,34,Nationwide,raw,interp,3284,6857.4,119.66
Nationwide|raw|interp,sLSCP,0.5phi,0.9220700152207002,11.667212300444886,0.0,0.0778773241360879,0.33333333333333337,0.9411764705882353,34,Nationwide,raw,interp,3284,6857.4,119.66
Nationwide|raw|interp,sLSCP,1phi,0.908675799086758,11.463925103625558,0.0,0.09933187200364568,0.3707865168539326,0.7941176470588235,34,Nationwide,raw,interp,3284,6857.4,119.66
Nationwide|raw|interp,sLSCP,2phi,0.8995433789954338,11.222441710827999,0.0,0.11141658509277048,0.3932584269662921,0.7647058823529411,34,Nationwide,raw,interp,3284,6857.4,119.66
Nationwide|raw|interp,sLSCP,4phi,0.899847792998478,11.138710924609716,0.0,0.11188913779231568,0.3820224719101124,0.7647058823529411,34,Nationwide,raw,interp,3284,6857.4,119.66
Nationwide|raw|interp,sLSCP,8phi,0.8983257229832572,11.129055690719975,0.0,0.11331259564929168,0.3820224719101124,0.7647058823529411,34,Nationwide,raw,interp,3284,6857.4,119.66
Nationwide|raw|interp,sLSCP,16phi,0.8983257229832572,11.112692556260518,0.0,0.11331259564929168,0.3820224719101124,0.7647058823529411,34,Nationwide,raw,interp,3284,6857.4,119.66
Nationwide|raw|interp,sLSCP,inf,0.8983257229832572,11.128267822583826,0.0,0.11331259564929168,0.3820224719101124,0.7647058823529411,34,Nationwide,raw,interp,3284,6857.4,119.66
